Stn Code,Sampling Date,State,City/Town/Village/Area,Location of Monitoring Station,Agency,Type of Location,SO2,NO2,RSPM/PM10,PM 2.5
184,01-01-15,Jammu & Kashmir,Jammu,"Regional Office, Jammu",Jammu & Kashmir State Pollution Control Board,"Residential, Rural and other Areas",3,14,132,NA
184,06-01-15,Jammu & Kashmir,Jammu,"Regional Office, Jammu",Jammu & Kashmir State Pollution Control Board,"Residential, Rural and other Areas",2,16,138,NA
184,14-01-15,Jammu & Kashmir,Jammu,"Regional Office, Jammu",Jammu & Kashmir State Pollution Control Board,"Residential, Rural and other Areas",2,19,143,NA
184,15-01-15,Jammu & Kashmir,Jammu,"Regional Office, Jammu",Jammu & Kashmir State Pollution Control Board,"Residential, Rural and other Areas",2,16,133,NA
184,21-01-15,Jammu & Kashmir,Jammu,"Regional Office, Jammu",Jammu & Kashmir State Pollution Control Board,"Residential, Rural and other Areas",3,24,151,NA
184,22-01-15,Jammu & Kashmir,Jammu,"Regional Office, Jammu",Jammu & Kashmir State Pollution Control Board,"Residential, Rural and other Areas",2,17,136,NA
184,28-01-15,Jammu & Kashmir,Jammu,"Regional Office, Jammu",Jammu & Kashmir State Pollution Control Board,"Residential, Rural and other Areas",3,18,154,NA
184,29-01-15,Jammu & Kashmir,Jammu,"Regional Office, Jammu",Jammu & Kashmir State Pollution Control Board,"Residential, Rural and other Areas",2,20,163,NA
184,04-02-15,Jammu & Kashmir,Jammu,"Regional Office, Jammu",Jammu & Kashmir State Pollution Control Board,"Residential, Rural and other Areas",3,16,146,NA
184,05-02-15,Jammu & Kashmir,Jammu,"Regional Office, Jammu",Jammu & Kashmir State Pollution Control Board,"Residential, Rural and other Areas",3,19,158,NA
184,11-02-15,Jammu & Kashmir,Jammu,"Regional Office, Jammu",Jammu & Kashmir State Pollution Control Board,"Residential, Rural and other Areas",3,16,170,NA
184,12-02-15,Jammu & Kashmir,Jammu,"Regional Office, Jammu",Jammu & Kashmir State Pollution Control Board,"Residential, Rural and other Areas",3,18,157,NA
184,18-02-15,Jammu & Kashmir,Jammu,"Regional Office, Jammu",Jammu & Kashmir State Pollution Control Board,"Residential, Rural and other Areas",4,15,154,NA
184,19-02-15,Jammu & Kashmir,Jammu,"Regional Office, Jammu",Jammu & Kashmir State Pollution Control Board,"Residential, Rural and other Areas",2,16,160,NA
184,25-02-15,Jammu & Kashmir,Jammu,"Regional Office, Jammu",Jammu & Kashmir State Pollution Control Board,"Residential, Rural and other Areas",2,18,154,NA
184,26-02-15,Jammu & Kashmir,Jammu,"Regional Office, Jammu",Jammu & Kashmir State Pollution Control Board,"Residential, Rural and other Areas",3,20,145,NA
184,04-03-15,Jammu & Kashmir,Jammu,"Regional Office, Jammu",Jammu & Kashmir State Pollution Control Board,"Residential, Rural and other Areas",3,19,137,NA
184,11-03-15,Jammu & Kashmir,Jammu,"Regional Office, Jammu",Jammu & Kashmir State Pollution Control Board,"Residential, Rural and other Areas",3,24,115,NA
184,12-03-15,Jammu & Kashmir,Jammu,"Regional Office, Jammu",Jammu & Kashmir State Pollution Control Board,"Residential, Rural and other Areas",3,20,131,NA
184,18-03-15,Jammu & Kashmir,Jammu,"Regional Office, Jammu",Jammu & Kashmir State Pollution Control Board,"Residential, Rural and other Areas",3,19,115,NA
184,19-03-15,Jammu & Kashmir,Jammu,"Regional Office, Jammu",Jammu & Kashmir State Pollution Control Board,"Residential, Rural and other Areas",4,19,120,NA
184,25-03-15,Jammu & Kashmir,Jammu,"Regional Office, Jammu",Jammu & Kashmir State Pollution Control Board,"Residential, Rural and other Areas",3,22,107,NA
184,26-03-15,Jammu & Kashmir,Jammu,"Regional Office, Jammu",Jammu & Kashmir State Pollution Control Board,"Residential, Rural and other Areas",3,21,122,NA
184,01-04-15,Jammu & Kashmir,Jammu,"Regional Office, Jammu",Jammu & Kashmir State Pollution Control Board,"Residential, Rural and other Areas",3,17,104,NA
184,08-04-15,Jammu & Kashmir,Jammu,"Regional Office, Jammu",Jammu & Kashmir State Pollution Control Board,"Residential, Rural and other Areas",4,17,90,NA
184,09-04-15,Jammu & Kashmir,Jammu,"Regional Office, Jammu",Jammu & Kashmir State Pollution Control Board,"Residential, Rural and other Areas",4,16,103,NA
184,15-04-15,Jammu & Kashmir,Jammu,"Regional Office, Jammu",Jammu & Kashmir State Pollution Control Board,"Residential, Rural and other Areas",4,18,97,NA
184,16-04-15,Jammu & Kashmir,Jammu,"Regional Office, Jammu",Jammu & Kashmir State Pollution Control Board,"Residential, Rural and other Areas",3,20,112,NA
184,29-04-15,Jammu & Kashmir,Jammu,"Regional Office, Jammu",Jammu & Kashmir State Pollution Control Board,"Residential, Rural and other Areas",3,18,104,NA
184,30-04-15,Jammu & Kashmir,Jammu,"Regional Office, Jammu",Jammu & Kashmir State Pollution Control Board,"Residential, Rural and other Areas",4,19,121,NA
184,06-05-15,Jammu & Kashmir,Jammu,"Regional Office, Jammu",Jammu & Kashmir State Pollution Control Board,"Residential, Rural and other Areas",2,12,102,NA
184,07-05-15,Jammu & Kashmir,Jammu,"Regional Office, Jammu",Jammu & Kashmir State Pollution Control Board,"Residential, Rural and other Areas",3,16,118,NA
184,13-05-15,Jammu & Kashmir,Jammu,"Regional Office, Jammu",Jammu & Kashmir State Pollution Control Board,"Residential, Rural and other Areas",4,14,106,NA
184,14-05-15,Jammu & Kashmir,Jammu,"Regional Office, Jammu",Jammu & Kashmir State Pollution Control Board,"Residential, Rural and other Areas",3,16,111,NA
184,20-05-15,Jammu & Kashmir,Jammu,"Regional Office, Jammu",Jammu & Kashmir State Pollution Control Board,"Residential, Rural and other Areas",2,15,125,NA
184,21-05-15,Jammu & Kashmir,Jammu,"Regional Office, Jammu",Jammu & Kashmir State Pollution Control Board,"Residential, Rural and other Areas",4,13,122,NA
184,27-05-15,Jammu & Kashmir,Jammu,"Regional Office, Jammu",Jammu & Kashmir State Pollution Control Board,"Residential, Rural and other Areas",3,18,90,NA
184,28-05-15,Jammu & Kashmir,Jammu,"Regional Office, Jammu",Jammu & Kashmir State Pollution Control Board,"Residential, Rural and other Areas",3,13,95,NA
184,03-06-15,Jammu & Kashmir,Jammu,"Regional Office, Jammu",Jammu & Kashmir State Pollution Control Board,"Residential, Rural and other Areas",3,14,119,NA
184,04-06-15,Jammu & Kashmir,Jammu,"Regional Office, Jammu",Jammu & Kashmir State Pollution Control Board,"Residential, Rural and other Areas",4,13,113,NA
184,10-06-15,Jammu & Kashmir,Jammu,"Regional Office, Jammu",Jammu & Kashmir State Pollution Control Board,"Residential, Rural and other Areas",2,15,115,NA
184,11-06-15,Jammu & Kashmir,Jammu,"Regional Office, Jammu",Jammu & Kashmir State Pollution Control Board,"Residential, Rural and other Areas",2,12,98,NA
184,17-06-15,Jammu & Kashmir,Jammu,"Regional Office, Jammu",Jammu & Kashmir State Pollution Control Board,"Residential, Rural and other Areas",4,18,134,NA
184,18-06-15,Jammu & Kashmir,Jammu,"Regional Office, Jammu",Jammu & Kashmir State Pollution Control Board,"Residential, Rural and other Areas",3,16,140,NA
184,25-06-15,Jammu & Kashmir,Jammu,"Regional Office, Jammu",Jammu & Kashmir State Pollution Control Board,"Residential, Rural and other Areas",3,10,149,NA
184,26-06-15,Jammu & Kashmir,Jammu,"Regional Office, Jammu",Jammu & Kashmir State Pollution Control Board,"Residential, Rural and other Areas",2,18,130,NA
184,01-07-15,Jammu & Kashmir,Jammu,"Regional Office, Jammu",Jammu & Kashmir State Pollution Control Board,"Residential, Rural and other Areas",3,10,136,NA
184,02-07-15,Jammu & Kashmir,Jammu,"Regional Office, Jammu",Jammu & Kashmir State Pollution Control Board,"Residential, Rural and other Areas",2,12,125,NA
184,08-07-15,Jammu & Kashmir,Jammu,"Regional Office, Jammu",Jammu & Kashmir State Pollution Control Board,"Residential, Rural and other Areas",3,11,132,NA
184,09-07-15,Jammu & Kashmir,Jammu,"Regional Office, Jammu",Jammu & Kashmir State Pollution Control Board,"Residential, Rural and other Areas",4,16,113,NA
184,16-07-15,Jammu & Kashmir,Jammu,"Regional Office, Jammu",Jammu & Kashmir State Pollution Control Board,"Residential, Rural and other Areas",2,15,137,NA
184,22-07-15,Jammu & Kashmir,Jammu,"Regional Office, Jammu",Jammu & Kashmir State Pollution Control Board,"Residential, Rural and other Areas",4,10,79,NA
184,29-07-15,Jammu & Kashmir,Jammu,"Regional Office, Jammu",Jammu & Kashmir State Pollution Control Board,"Residential, Rural and other Areas",4,16,113,NA
184,30-07-15,Jammu & Kashmir,Jammu,"Regional Office, Jammu",Jammu & Kashmir State Pollution Control Board,"Residential, Rural and other Areas",4,11,123,NA
184,05-08-15,Jammu & Kashmir,Jammu,"Regional Office, Jammu",Jammu & Kashmir State Pollution Control Board,"Residential, Rural and other Areas",2,14,124,NA
184,06-08-15,Jammu & Kashmir,Jammu,"Regional Office, Jammu",Jammu & Kashmir State Pollution Control Board,"Residential, Rural and other Areas",2,15,129,NA
184,12-08-15,Jammu & Kashmir,Jammu,"Regional Office, Jammu",Jammu & Kashmir State Pollution Control Board,"Residential, Rural and other Areas",3,19,124,NA
184,13-08-15,Jammu & Kashmir,Jammu,"Regional Office, Jammu",Jammu & Kashmir State Pollution Control Board,"Residential, Rural and other Areas",3,17,130,NA
184,19-08-15,Jammu & Kashmir,Jammu,"Regional Office, Jammu",Jammu & Kashmir State Pollution Control Board,"Residential, Rural and other Areas",2,10,125,NA
184,20-08-15,Jammu & Kashmir,Jammu,"Regional Office, Jammu",Jammu & Kashmir State Pollution Control Board,"Residential, Rural and other Areas",3,13,115,NA
184,26-08-15,Jammu & Kashmir,Jammu,"Regional Office, Jammu",Jammu & Kashmir State Pollution Control Board,"Residential, Rural and other Areas",2,14,121,NA
184,27-08-15,Jammu & Kashmir,Jammu,"Regional Office, Jammu",Jammu & Kashmir State Pollution Control Board,"Residential, Rural and other Areas",2,16,114,NA
184,02-09-15,Jammu & Kashmir,Jammu,"Regional Office, Jammu",Jammu & Kashmir State Pollution Control Board,"Residential, Rural and other Areas",3,18,130,NA
184,03-09-15,Jammu & Kashmir,Jammu,"Regional Office, Jammu",Jammu & Kashmir State Pollution Control Board,"Residential, Rural and other Areas",2,13,118,NA
184,09-09-15,Jammu & Kashmir,Jammu,"Regional Office, Jammu",Jammu & Kashmir State Pollution Control Board,"Residential, Rural and other Areas",2,9,121,NA
184,10-09-15,Jammu & Kashmir,Jammu,"Regional Office, Jammu",Jammu & Kashmir State Pollution Control Board,"Residential, Rural and other Areas",2,15,125,NA
184,16-09-15,Jammu & Kashmir,Jammu,"Regional Office, Jammu",Jammu & Kashmir State Pollution Control Board,"Residential, Rural and other Areas",3,18,119,NA
184,17-09-15,Jammu & Kashmir,Jammu,"Regional Office, Jammu",Jammu & Kashmir State Pollution Control Board,"Residential, Rural and other Areas",2,19,141,NA
184,23-09-15,Jammu & Kashmir,Jammu,"Regional Office, Jammu",Jammu & Kashmir State Pollution Control Board,"Residential, Rural and other Areas",2,15,154,NA
184,24-09-15,Jammu & Kashmir,Jammu,"Regional Office, Jammu",Jammu & Kashmir State Pollution Control Board,"Residential, Rural and other Areas",2,16,142,NA
184,30-09-15,Jammu & Kashmir,Jammu,"Regional Office, Jammu",Jammu & Kashmir State Pollution Control Board,"Residential, Rural and other Areas",3,11,137,NA
184,01-10-15,Jammu & Kashmir,Jammu,"Regional Office, Jammu",Jammu & Kashmir State Pollution Control Board,"Residential, Rural and other Areas",2,13,156,NA
184,07-10-15,Jammu & Kashmir,Jammu,"Regional Office, Jammu",Jammu & Kashmir State Pollution Control Board,"Residential, Rural and other Areas",3,16,144,NA
184,08-10-15,Jammu & Kashmir,Jammu,"Regional Office, Jammu",Jammu & Kashmir State Pollution Control Board,"Residential, Rural and other Areas",3,12,139,NA
184,14-10-15,Jammu & Kashmir,Jammu,"Regional Office, Jammu",Jammu & Kashmir State Pollution Control Board,"Residential, Rural and other Areas",2,14,147,NA
184,21-10-15,Jammu & Kashmir,Jammu,"Regional Office, Jammu",Jammu & Kashmir State Pollution Control Board,"Residential, Rural and other Areas",2,14,140,NA
184,28-10-15,Jammu & Kashmir,Jammu,"Regional Office, Jammu",Jammu & Kashmir State Pollution Control Board,"Residential, Rural and other Areas",3,13,154,NA
184,29-10-15,Jammu & Kashmir,Jammu,"Regional Office, Jammu",Jammu & Kashmir State Pollution Control Board,"Residential, Rural and other Areas",4,14,133,NA
184,04-11-15,Jammu & Kashmir,Jammu,"Regional Office, Jammu",Jammu & Kashmir State Pollution Control Board,"Residential, Rural and other Areas",3,18,110,NA
184,05-11-15,Jammu & Kashmir,Jammu,"Regional Office, Jammu",Jammu & Kashmir State Pollution Control Board,"Residential, Rural and other Areas",3,14,86,NA
184,09-11-15,Jammu & Kashmir,Jammu,"Regional Office, Jammu",Jammu & Kashmir State Pollution Control Board,"Residential, Rural and other Areas",3,16,112,NA
184,10-11-15,Jammu & Kashmir,Jammu,"Regional Office, Jammu",Jammu & Kashmir State Pollution Control Board,"Residential, Rural and other Areas",3,9,101,NA
184,11-11-15,Jammu & Kashmir,Jammu,"Regional Office, Jammu",Jammu & Kashmir State Pollution Control Board,"Residential, Rural and other Areas",5,19,140,NA
184,12-11-15,Jammu & Kashmir,Jammu,"Regional Office, Jammu",Jammu & Kashmir State Pollution Control Board,"Residential, Rural and other Areas",12,20,131,NA
184,13-11-15,Jammu & Kashmir,Jammu,"Regional Office, Jammu",Jammu & Kashmir State Pollution Control Board,"Residential, Rural and other Areas",13,15,107,NA
184,18-11-15,Jammu & Kashmir,Jammu,"Regional Office, Jammu",Jammu & Kashmir State Pollution Control Board,"Residential, Rural and other Areas",2,17,96,NA
184,19-11-15,Jammu & Kashmir,Jammu,"Regional Office, Jammu",Jammu & Kashmir State Pollution Control Board,"Residential, Rural and other Areas",3,15,125,NA
184,26-11-15,Jammu & Kashmir,Jammu,"Regional Office, Jammu",Jammu & Kashmir State Pollution Control Board,"Residential, Rural and other Areas",3,17,68,NA
184,02-12-15,Jammu & Kashmir,Jammu,"Regional Office, Jammu",Jammu & Kashmir State Pollution Control Board,"Residential, Rural and other Areas",3,16,112,NA
184,03-12-15,Jammu & Kashmir,Jammu,"Regional Office, Jammu",Jammu & Kashmir State Pollution Control Board,"Residential, Rural and other Areas",2,14,107,NA
184,09-12-15,Jammu & Kashmir,Jammu,"Regional Office, Jammu",Jammu & Kashmir State Pollution Control Board,"Residential, Rural and other Areas",NA,NA,129,NA
184,10-12-15,Jammu & Kashmir,Jammu,"Regional Office, Jammu",Jammu & Kashmir State Pollution Control Board,"Residential, Rural and other Areas",NA,NA,122,NA
184,16-12-15,Jammu & Kashmir,Jammu,"Regional Office, Jammu",Jammu & Kashmir State Pollution Control Board,"Residential, Rural and other Areas",2,17,125,NA
184,17-12-15,Jammu & Kashmir,Jammu,"Regional Office, Jammu",Jammu & Kashmir State Pollution Control Board,"Residential, Rural and other Areas",2,17,122,NA
184,23-12-15,Jammu & Kashmir,Jammu,"Regional Office, Jammu",Jammu & Kashmir State Pollution Control Board,"Residential, Rural and other Areas",3,13,126,NA
184,30-12-15,Jammu & Kashmir,Jammu,"Regional Office, Jammu",Jammu & Kashmir State Pollution Control Board,"Residential, Rural and other Areas",2,16,137,NA
184,31-12-15,Jammu & Kashmir,Jammu,"Regional Office, Jammu",Jammu & Kashmir State Pollution Control Board,"Residential, Rural and other Areas",2,18,133,NA
482,02-01-15,Jammu & Kashmir,Jammu,"M.A. Stadium, Jewel Chowk, Jammu",Jammu & Kashmir State Pollution Control Board,"Residential, Rural and other Areas",4,18,142,NA
482,03-01-15,Jammu & Kashmir,Jammu,"M.A. Stadium, Jewel Chowk, Jammu",Jammu & Kashmir State Pollution Control Board,"Residential, Rural and other Areas",3,23,148,NA
482,10-01-15,Jammu & Kashmir,Jammu,"M.A. Stadium, Jewel Chowk, Jammu",Jammu & Kashmir State Pollution Control Board,"Residential, Rural and other Areas",3,23,133,NA
482,16-01-15,Jammu & Kashmir,Jammu,"M.A. Stadium, Jewel Chowk, Jammu",Jammu & Kashmir State Pollution Control Board,"Residential, Rural and other Areas",3,20,146,NA
482,17-01-15,Jammu & Kashmir,Jammu,"M.A. Stadium, Jewel Chowk, Jammu",Jammu & Kashmir State Pollution Control Board,"Residential, Rural and other Areas",3,16,131,NA
482,23-01-15,Jammu & Kashmir,Jammu,"M.A. Stadium, Jewel Chowk, Jammu",Jammu & Kashmir State Pollution Control Board,"Residential, Rural and other Areas",4,21,151,NA
482,24-01-15,Jammu & Kashmir,Jammu,"M.A. Stadium, Jewel Chowk, Jammu",Jammu & Kashmir State Pollution Control Board,"Residential, Rural and other Areas",3,17,155,NA
482,30-01-15,Jammu & Kashmir,Jammu,"M.A. Stadium, Jewel Chowk, Jammu",Jammu & Kashmir State Pollution Control Board,"Residential, Rural and other Areas",2,14,149,NA
482,31-01-15,Jammu & Kashmir,Jammu,"M.A. Stadium, Jewel Chowk, Jammu",Jammu & Kashmir State Pollution Control Board,"Residential, Rural and other Areas",3,17,143,NA
482,06-02-15,Jammu & Kashmir,Jammu,"M.A. Stadium, Jewel Chowk, Jammu",Jammu & Kashmir State Pollution Control Board,"Residential, Rural and other Areas",2,16,156,NA
482,07-02-15,Jammu & Kashmir,Jammu,"M.A. Stadium, Jewel Chowk, Jammu",Jammu & Kashmir State Pollution Control Board,"Residential, Rural and other Areas",2,18,143,NA
482,13-02-15,Jammu & Kashmir,Jammu,"M.A. Stadium, Jewel Chowk, Jammu",Jammu & Kashmir State Pollution Control Board,"Residential, Rural and other Areas",3,16,138,NA
482,14-02-15,Jammu & Kashmir,Jammu,"M.A. Stadium, Jewel Chowk, Jammu",Jammu & Kashmir State Pollution Control Board,"Residential, Rural and other Areas",3,18,149,NA
482,21-02-15,Jammu & Kashmir,Jammu,"M.A. Stadium, Jewel Chowk, Jammu",Jammu & Kashmir State Pollution Control Board,"Residential, Rural and other Areas",4,23,167,NA
482,27-02-15,Jammu & Kashmir,Jammu,"M.A. Stadium, Jewel Chowk, Jammu",Jammu & Kashmir State Pollution Control Board,"Residential, Rural and other Areas",4,21,158,NA
482,28-02-15,Jammu & Kashmir,Jammu,"M.A. Stadium, Jewel Chowk, Jammu",Jammu & Kashmir State Pollution Control Board,"Residential, Rural and other Areas",4,18,159,NA
482,06-03-15,Jammu & Kashmir,Jammu,"M.A. Stadium, Jewel Chowk, Jammu",Jammu & Kashmir State Pollution Control Board,"Residential, Rural and other Areas",3,14,119,NA
482,07-03-15,Jammu & Kashmir,Jammu,"M.A. Stadium, Jewel Chowk, Jammu",Jammu & Kashmir State Pollution Control Board,"Residential, Rural and other Areas",3,20,98,NA
482,13-03-15,Jammu & Kashmir,Jammu,"M.A. Stadium, Jewel Chowk, Jammu",Jammu & Kashmir State Pollution Control Board,"Residential, Rural and other Areas",4,22,125,NA
482,14-03-15,Jammu & Kashmir,Jammu,"M.A. Stadium, Jewel Chowk, Jammu",Jammu & Kashmir State Pollution Control Board,"Residential, Rural and other Areas",5,19,116,NA
482,20-03-15,Jammu & Kashmir,Jammu,"M.A. Stadium, Jewel Chowk, Jammu",Jammu & Kashmir State Pollution Control Board,"Residential, Rural and other Areas",3,18,121,NA
482,04-04-15,Jammu & Kashmir,Jammu,"M.A. Stadium, Jewel Chowk, Jammu",Jammu & Kashmir State Pollution Control Board,"Residential, Rural and other Areas",4,19,100,NA
482,10-04-15,Jammu & Kashmir,Jammu,"M.A. Stadium, Jewel Chowk, Jammu",Jammu & Kashmir State Pollution Control Board,"Residential, Rural and other Areas",3,19,119,NA
482,11-04-15,Jammu & Kashmir,Jammu,"M.A. Stadium, Jewel Chowk, Jammu",Jammu & Kashmir State Pollution Control Board,"Residential, Rural and other Areas",4,19,89,NA
482,17-04-15,Jammu & Kashmir,Jammu,"M.A. Stadium, Jewel Chowk, Jammu",Jammu & Kashmir State Pollution Control Board,"Residential, Rural and other Areas",4,19,110,NA
482,18-04-15,Jammu & Kashmir,Jammu,"M.A. Stadium, Jewel Chowk, Jammu",Jammu & Kashmir State Pollution Control Board,"Residential, Rural and other Areas",5,19,110,NA
482,01-05-15,Jammu & Kashmir,Jammu,"M.A. Stadium, Jewel Chowk, Jammu",Jammu & Kashmir State Pollution Control Board,"Residential, Rural and other Areas",4,14,129,NA
482,02-05-15,Jammu & Kashmir,Jammu,"M.A. Stadium, Jewel Chowk, Jammu",Jammu & Kashmir State Pollution Control Board,"Residential, Rural and other Areas",4,16,129,NA
482,08-05-15,Jammu & Kashmir,Jammu,"M.A. Stadium, Jewel Chowk, Jammu",Jammu & Kashmir State Pollution Control Board,"Residential, Rural and other Areas",4,15,127,NA
482,09-05-15,Jammu & Kashmir,Jammu,"M.A. Stadium, Jewel Chowk, Jammu",Jammu & Kashmir State Pollution Control Board,"Residential, Rural and other Areas",3,17,119,NA
482,15-05-15,Jammu & Kashmir,Jammu,"M.A. Stadium, Jewel Chowk, Jammu",Jammu & Kashmir State Pollution Control Board,"Residential, Rural and other Areas",3,14,110,NA
482,16-05-15,Jammu & Kashmir,Jammu,"M.A. Stadium, Jewel Chowk, Jammu",Jammu & Kashmir State Pollution Control Board,"Residential, Rural and other Areas",4,11,119,NA
482,23-05-15,Jammu & Kashmir,Jammu,"M.A. Stadium, Jewel Chowk, Jammu",Jammu & Kashmir State Pollution Control Board,"Residential, Rural and other Areas",3,18,107,NA
482,29-05-15,Jammu & Kashmir,Jammu,"M.A. Stadium, Jewel Chowk, Jammu",Jammu & Kashmir State Pollution Control Board,"Residential, Rural and other Areas",5,16,116,NA
482,05-06-15,Jammu & Kashmir,Jammu,"M.A. Stadium, Jewel Chowk, Jammu",Jammu & Kashmir State Pollution Control Board,"Residential, Rural and other Areas",3,15,97,NA
482,06-06-15,Jammu & Kashmir,Jammu,"M.A. Stadium, Jewel Chowk, Jammu",Jammu & Kashmir State Pollution Control Board,"Residential, Rural and other Areas",3,14,106,NA
482,12-06-15,Jammu & Kashmir,Jammu,"M.A. Stadium, Jewel Chowk, Jammu",Jammu & Kashmir State Pollution Control Board,"Residential, Rural and other Areas",3,15,103,NA
482,13-06-15,Jammu & Kashmir,Jammu,"M.A. Stadium, Jewel Chowk, Jammu",Jammu & Kashmir State Pollution Control Board,"Residential, Rural and other Areas",3,16,120,NA
482,19-06-15,Jammu & Kashmir,Jammu,"M.A. Stadium, Jewel Chowk, Jammu",Jammu & Kashmir State Pollution Control Board,"Residential, Rural and other Areas",3,17,125,NA
482,20-06-15,Jammu & Kashmir,Jammu,"M.A. Stadium, Jewel Chowk, Jammu",Jammu & Kashmir State Pollution Control Board,"Residential, Rural and other Areas",3,17,116,NA
482,26-06-15,Jammu & Kashmir,Jammu,"M.A. Stadium, Jewel Chowk, Jammu",Jammu & Kashmir State Pollution Control Board,"Residential, Rural and other Areas",5,22,121,NA
482,27-06-15,Jammu & Kashmir,Jammu,"M.A. Stadium, Jewel Chowk, Jammu",Jammu & Kashmir State Pollution Control Board,"Residential, Rural and other Areas",4,15,132,NA
482,03-07-15,Jammu & Kashmir,Jammu,"M.A. Stadium, Jewel Chowk, Jammu",Jammu & Kashmir State Pollution Control Board,"Residential, Rural and other Areas",3,10,126,NA
482,04-07-15,Jammu & Kashmir,Jammu,"M.A. Stadium, Jewel Chowk, Jammu",Jammu & Kashmir State Pollution Control Board,"Residential, Rural and other Areas",3,17,122,NA
482,10-07-15,Jammu & Kashmir,Jammu,"M.A. Stadium, Jewel Chowk, Jammu",Jammu & Kashmir State Pollution Control Board,"Residential, Rural and other Areas",4,13,122,NA
482,11-07-15,Jammu & Kashmir,Jammu,"M.A. Stadium, Jewel Chowk, Jammu",Jammu & Kashmir State Pollution Control Board,"Residential, Rural and other Areas",4,16,114,NA
482,25-07-15,Jammu & Kashmir,Jammu,"M.A. Stadium, Jewel Chowk, Jammu",Jammu & Kashmir State Pollution Control Board,"Residential, Rural and other Areas",4,13,103,NA
482,31-07-15,Jammu & Kashmir,Jammu,"M.A. Stadium, Jewel Chowk, Jammu",Jammu & Kashmir State Pollution Control Board,"Residential, Rural and other Areas",3,13,122,NA
482,01-08-15,Jammu & Kashmir,Jammu,"M.A. Stadium, Jewel Chowk, Jammu",Jammu & Kashmir State Pollution Control Board,"Residential, Rural and other Areas",3,15,131,NA
482,07-08-15,Jammu & Kashmir,Jammu,"M.A. Stadium, Jewel Chowk, Jammu",Jammu & Kashmir State Pollution Control Board,"Residential, Rural and other Areas",3,14,120,NA
482,08-08-15,Jammu & Kashmir,Jammu,"M.A. Stadium, Jewel Chowk, Jammu",Jammu & Kashmir State Pollution Control Board,"Residential, Rural and other Areas",2,20,126,NA
482,14-08-15,Jammu & Kashmir,Jammu,"M.A. Stadium, Jewel Chowk, Jammu",Jammu & Kashmir State Pollution Control Board,"Residential, Rural and other Areas",3,17,122,NA
482,21-08-15,Jammu & Kashmir,Jammu,"M.A. Stadium, Jewel Chowk, Jammu",Jammu & Kashmir State Pollution Control Board,"Residential, Rural and other Areas",3,9,113,NA
482,22-08-15,Jammu & Kashmir,Jammu,"M.A. Stadium, Jewel Chowk, Jammu",Jammu & Kashmir State Pollution Control Board,"Residential, Rural and other Areas",2,7,116,NA
482,28-08-15,Jammu & Kashmir,Jammu,"M.A. Stadium, Jewel Chowk, Jammu",Jammu & Kashmir State Pollution Control Board,"Residential, Rural and other Areas",4,16,114,NA
482,29-08-15,Jammu & Kashmir,Jammu,"M.A. Stadium, Jewel Chowk, Jammu",Jammu & Kashmir State Pollution Control Board,"Residential, Rural and other Areas",4,13,105,NA
482,04-09-15,Jammu & Kashmir,Jammu,"M.A. Stadium, Jewel Chowk, Jammu",Jammu & Kashmir State Pollution Control Board,"Residential, Rural and other Areas",2,19,133,NA
482,11-09-15,Jammu & Kashmir,Jammu,"M.A. Stadium, Jewel Chowk, Jammu",Jammu & Kashmir State Pollution Control Board,"Residential, Rural and other Areas",5,14,129,NA
482,12-09-15,Jammu & Kashmir,Jammu,"M.A. Stadium, Jewel Chowk, Jammu",Jammu & Kashmir State Pollution Control Board,"Residential, Rural and other Areas",3,15,139,NA
482,18-09-15,Jammu & Kashmir,Jammu,"M.A. Stadium, Jewel Chowk, Jammu",Jammu & Kashmir State Pollution Control Board,"Residential, Rural and other Areas",2,17,158,NA
482,19-09-15,Jammu & Kashmir,Jammu,"M.A. Stadium, Jewel Chowk, Jammu",Jammu & Kashmir State Pollution Control Board,"Residential, Rural and other Areas",3,18,143,NA
482,03-10-15,Jammu & Kashmir,Jammu,"M.A. Stadium, Jewel Chowk, Jammu",Jammu & Kashmir State Pollution Control Board,"Residential, Rural and other Areas",4,18,139,NA
482,09-10-15,Jammu & Kashmir,Jammu,"M.A. Stadium, Jewel Chowk, Jammu",Jammu & Kashmir State Pollution Control Board,"Residential, Rural and other Areas",2,18,104,NA
482,10-10-15,Jammu & Kashmir,Jammu,"M.A. Stadium, Jewel Chowk, Jammu",Jammu & Kashmir State Pollution Control Board,"Residential, Rural and other Areas",2,16,122,NA
482,16-10-15,Jammu & Kashmir,Jammu,"M.A. Stadium, Jewel Chowk, Jammu",Jammu & Kashmir State Pollution Control Board,"Residential, Rural and other Areas",3,19,153,NA
482,17-10-15,Jammu & Kashmir,Jammu,"M.A. Stadium, Jewel Chowk, Jammu",Jammu & Kashmir State Pollution Control Board,"Residential, Rural and other Areas",3,20,139,NA
482,23-10-15,Jammu & Kashmir,Jammu,"M.A. Stadium, Jewel Chowk, Jammu",Jammu & Kashmir State Pollution Control Board,"Residential, Rural and other Areas",4,15,131,NA
482,30-10-15,Jammu & Kashmir,Jammu,"M.A. Stadium, Jewel Chowk, Jammu",Jammu & Kashmir State Pollution Control Board,"Residential, Rural and other Areas",3,16,125,NA
482,31-10-15,Jammu & Kashmir,Jammu,"M.A. Stadium, Jewel Chowk, Jammu",Jammu & Kashmir State Pollution Control Board,"Residential, Rural and other Areas",2,14,142,NA
482,06-11-15,Jammu & Kashmir,Jammu,"M.A. Stadium, Jewel Chowk, Jammu",Jammu & Kashmir State Pollution Control Board,"Residential, Rural and other Areas",3,18,103,NA
482,07-11-15,Jammu & Kashmir,Jammu,"M.A. Stadium, Jewel Chowk, Jammu",Jammu & Kashmir State Pollution Control Board,"Residential, Rural and other Areas",3,16,118,NA
482,09-11-15,Jammu & Kashmir,Jammu,"M.A. Stadium, Jewel Chowk, Jammu",Jammu & Kashmir State Pollution Control Board,"Residential, Rural and other Areas",2,11,88,NA
482,10-11-15,Jammu & Kashmir,Jammu,"M.A. Stadium, Jewel Chowk, Jammu",Jammu & Kashmir State Pollution Control Board,"Residential, Rural and other Areas",3,8,120,NA
482,11-11-15,Jammu & Kashmir,Jammu,"M.A. Stadium, Jewel Chowk, Jammu",Jammu & Kashmir State Pollution Control Board,"Residential, Rural and other Areas",6,18,124,NA
482,12-11-15,Jammu & Kashmir,Jammu,"M.A. Stadium, Jewel Chowk, Jammu",Jammu & Kashmir State Pollution Control Board,"Residential, Rural and other Areas",8,18,121,NA
482,13-11-15,Jammu & Kashmir,Jammu,"M.A. Stadium, Jewel Chowk, Jammu",Jammu & Kashmir State Pollution Control Board,"Residential, Rural and other Areas",5,10,116,NA
482,14-11-15,Jammu & Kashmir,Jammu,"M.A. Stadium, Jewel Chowk, Jammu",Jammu & Kashmir State Pollution Control Board,"Residential, Rural and other Areas",2,18,62,NA
482,20-11-15,Jammu & Kashmir,Jammu,"M.A. Stadium, Jewel Chowk, Jammu",Jammu & Kashmir State Pollution Control Board,"Residential, Rural and other Areas",2,18,118,NA
482,21-11-15,Jammu & Kashmir,Jammu,"M.A. Stadium, Jewel Chowk, Jammu",Jammu & Kashmir State Pollution Control Board,"Residential, Rural and other Areas",4,16,93,NA
482,27-11-15,Jammu & Kashmir,Jammu,"M.A. Stadium, Jewel Chowk, Jammu",Jammu & Kashmir State Pollution Control Board,"Residential, Rural and other Areas",2,15,143,NA
482,28-11-15,Jammu & Kashmir,Jammu,"M.A. Stadium, Jewel Chowk, Jammu",Jammu & Kashmir State Pollution Control Board,"Residential, Rural and other Areas",3,16,122,NA
482,04-12-15,Jammu & Kashmir,Jammu,"M.A. Stadium, Jewel Chowk, Jammu",Jammu & Kashmir State Pollution Control Board,"Residential, Rural and other Areas",3,17,107,NA
482,12-12-15,Jammu & Kashmir,Jammu,"M.A. Stadium, Jewel Chowk, Jammu",Jammu & Kashmir State Pollution Control Board,"Residential, Rural and other Areas",3,17,124,NA
482,18-12-15,Jammu & Kashmir,Jammu,"M.A. Stadium, Jewel Chowk, Jammu",Jammu & Kashmir State Pollution Control Board,"Residential, Rural and other Areas",2,13,123,NA
482,19-12-15,Jammu & Kashmir,Jammu,"M.A. Stadium, Jewel Chowk, Jammu",Jammu & Kashmir State Pollution Control Board,"Residential, Rural and other Areas",2,13,127,NA
482,26-12-15,Jammu & Kashmir,Jammu,"M.A. Stadium, Jewel Chowk, Jammu",Jammu & Kashmir State Pollution Control Board,"Residential, Rural and other Areas",2,15,140,NA
507,05-01-15,Jammu & Kashmir,Jammu,"Bari Brahamana Industrial Area, Jammu",Jammu & Kashmir State Pollution Control Board,Industrial Area,6,20,116,NA
507,06-01-15,Jammu & Kashmir,Jammu,"Bari Brahamana Industrial Area, Jammu",Jammu & Kashmir State Pollution Control Board,Industrial Area,3,23,129,NA
507,12-01-15,Jammu & Kashmir,Jammu,"Bari Brahamana Industrial Area, Jammu",Jammu & Kashmir State Pollution Control Board,Industrial Area,3,15,137,NA
507,19-01-15,Jammu & Kashmir,Jammu,"Bari Brahamana Industrial Area, Jammu",Jammu & Kashmir State Pollution Control Board,Industrial Area,7,23,153,NA
507,20-01-15,Jammu & Kashmir,Jammu,"Bari Brahamana Industrial Area, Jammu",Jammu & Kashmir State Pollution Control Board,Industrial Area,3,21,172,NA
507,27-01-15,Jammu & Kashmir,Jammu,"Bari Brahamana Industrial Area, Jammu",Jammu & Kashmir State Pollution Control Board,Industrial Area,5,20,156,NA
507,02-02-15,Jammu & Kashmir,Jammu,"Bari Brahamana Industrial Area, Jammu",Jammu & Kashmir State Pollution Control Board,Industrial Area,5,24,138,NA
507,09-02-15,Jammu & Kashmir,Jammu,"Bari Brahamana Industrial Area, Jammu",Jammu & Kashmir State Pollution Control Board,Industrial Area,3,22,161,NA
507,10-02-15,Jammu & Kashmir,Jammu,"Bari Brahamana Industrial Area, Jammu",Jammu & Kashmir State Pollution Control Board,Industrial Area,4,19,132,NA
507,16-02-15,Jammu & Kashmir,Jammu,"Bari Brahamana Industrial Area, Jammu",Jammu & Kashmir State Pollution Control Board,Industrial Area,4,20,168,NA
507,23-02-15,Jammu & Kashmir,Jammu,"Bari Brahamana Industrial Area, Jammu",Jammu & Kashmir State Pollution Control Board,Industrial Area,5,17,135,NA
507,24-02-15,Jammu & Kashmir,Jammu,"Bari Brahamana Industrial Area, Jammu",Jammu & Kashmir State Pollution Control Board,Industrial Area,5,18,160,NA
507,02-03-15,Jammu & Kashmir,Jammu,"Bari Brahamana Industrial Area, Jammu",Jammu & Kashmir State Pollution Control Board,Industrial Area,3,23,105,NA
507,09-03-15,Jammu & Kashmir,Jammu,"Bari Brahamana Industrial Area, Jammu",Jammu & Kashmir State Pollution Control Board,Industrial Area,4,24,111,NA
507,10-03-15,Jammu & Kashmir,Jammu,"Bari Brahamana Industrial Area, Jammu",Jammu & Kashmir State Pollution Control Board,Industrial Area,4,20,101,NA
507,16-03-15,Jammu & Kashmir,Jammu,"Bari Brahamana Industrial Area, Jammu",Jammu & Kashmir State Pollution Control Board,Industrial Area,6,19,120,NA
507,17-03-15,Jammu & Kashmir,Jammu,"Bari Brahamana Industrial Area, Jammu",Jammu & Kashmir State Pollution Control Board,Industrial Area,4,20,111,NA
507,23-03-15,Jammu & Kashmir,Jammu,"Bari Brahamana Industrial Area, Jammu",Jammu & Kashmir State Pollution Control Board,Industrial Area,6,21,93,NA
507,24-03-15,Jammu & Kashmir,Jammu,"Bari Brahamana Industrial Area, Jammu",Jammu & Kashmir State Pollution Control Board,Industrial Area,5,22,97,NA
507,30-03-15,Jammu & Kashmir,Jammu,"Bari Brahamana Industrial Area, Jammu",Jammu & Kashmir State Pollution Control Board,Industrial Area,5,24,136,NA
507,06-04-15,Jammu & Kashmir,Jammu,"Bari Brahamana Industrial Area, Jammu",Jammu & Kashmir State Pollution Control Board,Industrial Area,6,18,125,NA
507,07-04-15,Jammu & Kashmir,Jammu,"Bari Brahamana Industrial Area, Jammu",Jammu & Kashmir State Pollution Control Board,Industrial Area,6,16,118,NA
507,13-04-15,Jammu & Kashmir,Jammu,"Bari Brahamana Industrial Area, Jammu",Jammu & Kashmir State Pollution Control Board,Industrial Area,5,17,95,NA
507,20-04-15,Jammu & Kashmir,Jammu,"Bari Brahamana Industrial Area, Jammu",Jammu & Kashmir State Pollution Control Board,Industrial Area,8,18,115,NA
507,21-04-15,Jammu & Kashmir,Jammu,"Bari Brahamana Industrial Area, Jammu",Jammu & Kashmir State Pollution Control Board,Industrial Area,8,16,94,NA
507,05-05-15,Jammu & Kashmir,Jammu,"Bari Brahamana Industrial Area, Jammu",Jammu & Kashmir State Pollution Control Board,Industrial Area,5,19,103,NA
507,11-05-15,Jammu & Kashmir,Jammu,"Bari Brahamana Industrial Area, Jammu",Jammu & Kashmir State Pollution Control Board,Industrial Area,4,18,112,NA
507,12-05-15,Jammu & Kashmir,Jammu,"Bari Brahamana Industrial Area, Jammu",Jammu & Kashmir State Pollution Control Board,Industrial Area,5,17,102,NA
507,18-05-15,Jammu & Kashmir,Jammu,"Bari Brahamana Industrial Area, Jammu",Jammu & Kashmir State Pollution Control Board,Industrial Area,7,21,130,NA
507,19-05-15,Jammu & Kashmir,Jammu,"Bari Brahamana Industrial Area, Jammu",Jammu & Kashmir State Pollution Control Board,Industrial Area,7,18,133,NA
507,25-05-15,Jammu & Kashmir,Jammu,"Bari Brahamana Industrial Area, Jammu",Jammu & Kashmir State Pollution Control Board,Industrial Area,7,18,110,NA
507,26-05-15,Jammu & Kashmir,Jammu,"Bari Brahamana Industrial Area, Jammu",Jammu & Kashmir State Pollution Control Board,Industrial Area,5,20,110,NA
507,01-06-15,Jammu & Kashmir,Jammu,"Bari Brahamana Industrial Area, Jammu",Jammu & Kashmir State Pollution Control Board,Industrial Area,5,19,94,NA
507,02-06-15,Jammu & Kashmir,Jammu,"Bari Brahamana Industrial Area, Jammu",Jammu & Kashmir State Pollution Control Board,Industrial Area,5,17,109,NA
507,08-06-15,Jammu & Kashmir,Jammu,"Bari Brahamana Industrial Area, Jammu",Jammu & Kashmir State Pollution Control Board,Industrial Area,5,15,90,NA
507,09-06-15,Jammu & Kashmir,Jammu,"Bari Brahamana Industrial Area, Jammu",Jammu & Kashmir State Pollution Control Board,Industrial Area,4,18,105,NA
507,15-06-15,Jammu & Kashmir,Jammu,"Bari Brahamana Industrial Area, Jammu",Jammu & Kashmir State Pollution Control Board,Industrial Area,6,17,121,NA
507,16-06-15,Jammu & Kashmir,Jammu,"Bari Brahamana Industrial Area, Jammu",Jammu & Kashmir State Pollution Control Board,Industrial Area,5,16,122,NA
507,22-06-15,Jammu & Kashmir,Jammu,"Bari Brahamana Industrial Area, Jammu",Jammu & Kashmir State Pollution Control Board,Industrial Area,4,15,145,NA
507,23-06-15,Jammu & Kashmir,Jammu,"Bari Brahamana Industrial Area, Jammu",Jammu & Kashmir State Pollution Control Board,Industrial Area,4,15,128,NA
507,29-06-15,Jammu & Kashmir,Jammu,"Bari Brahamana Industrial Area, Jammu",Jammu & Kashmir State Pollution Control Board,Industrial Area,4,21,132,NA
507,30-06-15,Jammu & Kashmir,Jammu,"Bari Brahamana Industrial Area, Jammu",Jammu & Kashmir State Pollution Control Board,Industrial Area,3,19,122,NA
507,06-07-15,Jammu & Kashmir,Jammu,"Bari Brahamana Industrial Area, Jammu",Jammu & Kashmir State Pollution Control Board,Industrial Area,6,13,107,NA
507,07-07-15,Jammu & Kashmir,Jammu,"Bari Brahamana Industrial Area, Jammu",Jammu & Kashmir State Pollution Control Board,Industrial Area,4,18,104,NA
507,14-07-15,Jammu & Kashmir,Jammu,"Bari Brahamana Industrial Area, Jammu",Jammu & Kashmir State Pollution Control Board,Industrial Area,4,19,128,NA
507,20-07-15,Jammu & Kashmir,Jammu,"Bari Brahamana Industrial Area, Jammu",Jammu & Kashmir State Pollution Control Board,Industrial Area,3,12,128,NA
507,21-07-15,Jammu & Kashmir,Jammu,"Bari Brahamana Industrial Area, Jammu",Jammu & Kashmir State Pollution Control Board,Industrial Area,2,18,138,NA
507,27-07-15,Jammu & Kashmir,Jammu,"Bari Brahamana Industrial Area, Jammu",Jammu & Kashmir State Pollution Control Board,Industrial Area,3,10,92,NA
507,28-07-15,Jammu & Kashmir,Jammu,"Bari Brahamana Industrial Area, Jammu",Jammu & Kashmir State Pollution Control Board,Industrial Area,5,18,83,NA
507,03-08-15,Jammu & Kashmir,Jammu,"Bari Brahamana Industrial Area, Jammu",Jammu & Kashmir State Pollution Control Board,Industrial Area,4,15,138,NA
507,04-08-15,Jammu & Kashmir,Jammu,"Bari Brahamana Industrial Area, Jammu",Jammu & Kashmir State Pollution Control Board,Industrial Area,4,17,146,NA
507,10-08-15,Jammu & Kashmir,Jammu,"Bari Brahamana Industrial Area, Jammu",Jammu & Kashmir State Pollution Control Board,Industrial Area,5,23,117,NA
507,11-08-15,Jammu & Kashmir,Jammu,"Bari Brahamana Industrial Area, Jammu",Jammu & Kashmir State Pollution Control Board,Industrial Area,6,21,113,NA
507,17-08-15,Jammu & Kashmir,Jammu,"Bari Brahamana Industrial Area, Jammu",Jammu & Kashmir State Pollution Control Board,Industrial Area,5,14,125,NA
507,18-08-15,Jammu & Kashmir,Jammu,"Bari Brahamana Industrial Area, Jammu",Jammu & Kashmir State Pollution Control Board,Industrial Area,3,13,139,NA
507,24-08-15,Jammu & Kashmir,Jammu,"Bari Brahamana Industrial Area, Jammu",Jammu & Kashmir State Pollution Control Board,Industrial Area,4,16,139,NA
507,25-08-15,Jammu & Kashmir,Jammu,"Bari Brahamana Industrial Area, Jammu",Jammu & Kashmir State Pollution Control Board,Industrial Area,2,16,119,NA
507,31-08-15,Jammu & Kashmir,Jammu,"Bari Brahamana Industrial Area, Jammu",Jammu & Kashmir State Pollution Control Board,Industrial Area,5,18,116,NA
507,01-09-15,Jammu & Kashmir,Jammu,"Bari Brahamana Industrial Area, Jammu",Jammu & Kashmir State Pollution Control Board,Industrial Area,4,19,131,NA
507,07-09-15,Jammu & Kashmir,Jammu,"Bari Brahamana Industrial Area, Jammu",Jammu & Kashmir State Pollution Control Board,Industrial Area,4,11,142,NA
507,08-09-15,Jammu & Kashmir,Jammu,"Bari Brahamana Industrial Area, Jammu",Jammu & Kashmir State Pollution Control Board,Industrial Area,3,16,131,NA
507,14-09-15,Jammu & Kashmir,Jammu,"Bari Brahamana Industrial Area, Jammu",Jammu & Kashmir State Pollution Control Board,Industrial Area,3,11,156,NA
507,15-09-15,Jammu & Kashmir,Jammu,"Bari Brahamana Industrial Area, Jammu",Jammu & Kashmir State Pollution Control Board,Industrial Area,4,18,143,NA
507,21-09-15,Jammu & Kashmir,Jammu,"Bari Brahamana Industrial Area, Jammu",Jammu & Kashmir State Pollution Control Board,Industrial Area,6,18,144,NA
507,22-09-15,Jammu & Kashmir,Jammu,"Bari Brahamana Industrial Area, Jammu",Jammu & Kashmir State Pollution Control Board,Industrial Area,5,21,140,NA
507,28-09-15,Jammu & Kashmir,Jammu,"Bari Brahamana Industrial Area, Jammu",Jammu & Kashmir State Pollution Control Board,Industrial Area,3,25,139,NA
507,29-09-15,Jammu & Kashmir,Jammu,"Bari Brahamana Industrial Area, Jammu",Jammu & Kashmir State Pollution Control Board,Industrial Area,4,20,129,NA
507,05-10-15,Jammu & Kashmir,Jammu,"Bari Brahamana Industrial Area, Jammu",Jammu & Kashmir State Pollution Control Board,Industrial Area,5,20,138,NA
507,06-10-15,Jammu & Kashmir,Jammu,"Bari Brahamana Industrial Area, Jammu",Jammu & Kashmir State Pollution Control Board,Industrial Area,4,17,127,NA
507,12-10-15,Jammu & Kashmir,Jammu,"Bari Brahamana Industrial Area, Jammu",Jammu & Kashmir State Pollution Control Board,Industrial Area,4,11,133,NA
507,13-10-15,Jammu & Kashmir,Jammu,"Bari Brahamana Industrial Area, Jammu",Jammu & Kashmir State Pollution Control Board,Industrial Area,3,13,145,NA
507,19-10-15,Jammu & Kashmir,Jammu,"Bari Brahamana Industrial Area, Jammu",Jammu & Kashmir State Pollution Control Board,Industrial Area,3,19,165,NA
507,20-10-15,Jammu & Kashmir,Jammu,"Bari Brahamana Industrial Area, Jammu",Jammu & Kashmir State Pollution Control Board,Industrial Area,2,19,155,NA
507,26-10-15,Jammu & Kashmir,Jammu,"Bari Brahamana Industrial Area, Jammu",Jammu & Kashmir State Pollution Control Board,Industrial Area,3,16,149,NA
507,27-10-15,Jammu & Kashmir,Jammu,"Bari Brahamana Industrial Area, Jammu",Jammu & Kashmir State Pollution Control Board,Industrial Area,4,17,142,NA
507,02-11-15,Jammu & Kashmir,Jammu,"Bari Brahamana Industrial Area, Jammu",Jammu & Kashmir State Pollution Control Board,Industrial Area,4,19,118,NA
507,03-11-15,Jammu & Kashmir,Jammu,"Bari Brahamana Industrial Area, Jammu",Jammu & Kashmir State Pollution Control Board,Industrial Area,3,20,134,NA
507,16-11-15,Jammu & Kashmir,Jammu,"Bari Brahamana Industrial Area, Jammu",Jammu & Kashmir State Pollution Control Board,Industrial Area,3,15,107,NA
507,17-11-15,Jammu & Kashmir,Jammu,"Bari Brahamana Industrial Area, Jammu",Jammu & Kashmir State Pollution Control Board,Industrial Area,2,18,106,NA
507,23-11-15,Jammu & Kashmir,Jammu,"Bari Brahamana Industrial Area, Jammu",Jammu & Kashmir State Pollution Control Board,Industrial Area,3,15,111,NA
507,24-11-15,Jammu & Kashmir,Jammu,"Bari Brahamana Industrial Area, Jammu",Jammu & Kashmir State Pollution Control Board,Industrial Area,3,17,126,NA
507,30-11-15,Jammu & Kashmir,Jammu,"Bari Brahamana Industrial Area, Jammu",Jammu & Kashmir State Pollution Control Board,Industrial Area,4,14,120,NA
507,01-12-15,Jammu & Kashmir,Jammu,"Bari Brahamana Industrial Area, Jammu",Jammu & Kashmir State Pollution Control Board,Industrial Area,2,6,103,NA
507,14-12-15,Jammu & Kashmir,Jammu,"Bari Brahamana Industrial Area, Jammu",Jammu & Kashmir State Pollution Control Board,Industrial Area,3,17,125,NA
507,15-12-15,Jammu & Kashmir,Jammu,"Bari Brahamana Industrial Area, Jammu",Jammu & Kashmir State Pollution Control Board,Industrial Area,2,17,124,NA
507,21-12-15,Jammu & Kashmir,Jammu,"Bari Brahamana Industrial Area, Jammu",Jammu & Kashmir State Pollution Control Board,Industrial Area,5,18,143,NA
507,22-12-15,Jammu & Kashmir,Jammu,"Bari Brahamana Industrial Area, Jammu",Jammu & Kashmir State Pollution Control Board,Industrial Area,3,18,138,NA
507,28-12-15,Jammu & Kashmir,Jammu,"Bari Brahamana Industrial Area, Jammu",Jammu & Kashmir State Pollution Control Board,Industrial Area,5,21,140,NA
507,29-12-15,Jammu & Kashmir,Jammu,"Bari Brahamana Industrial Area, Jammu",Jammu & Kashmir State Pollution Control Board,Industrial Area,3,19,114,NA
